{"cameraMode":{"drawMode":0,"name":"Shaded","section":"Shading Mode"},"sceneLighting":false,"audioPlay":false,"sceneViewState":{"showFog":true,"showMaterialUpdate":false,"showSkybox":false,"showFlares":true,"showImageEffects":true,"showParticleSystems":true,"showVisualEffectGraphs":true,"m_FxEnabled":true},"in2DMode":false,"pivot":{"x":2.5459821224212648,"y":2.5680949687957765,"z":0.6403290033340454},"rotation":{"x":0.22918982803821565,"y":-0.7233672142028809,"z":0.28249186277389529,"w":0.586885392665863},"size":0.00001732051168801263,"orthographic":false}