{"cameraMode":{"drawMode":0,"name":"Shaded","section":"Shading Mode"},"sceneLighting":false,"audioPlay":false,"sceneViewState":{"showFog":true,"showMaterialUpdate":false,"showSkybox":false,"showFlares":true,"showImageEffects":true,"showParticleSystems":true,"showVisualEffectGraphs":true,"m_FxEnabled":true},"in2DMode":false,"pivot":{"x":-0.13742026686668397,"y":-0.09321486949920654,"z":2.169752359390259},"rotation":{"x":0.0958247035741806,"y":-0.08320597559213638,"z":0.00803621020168066,"w":0.9918943643569946},"size":1.1257829666137696,"orthographic":false}