{"cameraMode":{"drawMode":0,"name":"Shaded","section":"Shading Mode"},"sceneLighting":true,"audioPlay":false,"sceneViewState":{"m_AlwaysRefresh":false,"showFog":true,"showSkybox":true,"showFlares":true,"showImageEffects":true,"showParticleSystems":true,"showVisualEffectGraphs":true,"m_FxEnabled":true},"in2DMode":false,"pivot":{"x":0.16960249841213227,"y":1.7740322351455689,"z":4.916558742523193},"rotation":{"x":-0.14876796305179597,"y":0.17755135893821717,"z":-0.02716291882097721,"w":-0.9724233150482178},"size":4.197628498077393,"orthographic":false}