{"cameraMode":{"drawMode":0,"name":"Shaded","section":"Shading Mode"},"sceneLighting":false,"audioPlay":false,"sceneViewState":{"showFog":true,"showMaterialUpdate":false,"showSkybox":false,"showFlares":true,"showImageEffects":true,"showParticleSystems":true,"showVisualEffectGraphs":true,"m_FxEnabled":true},"in2DMode":false,"pivot":{"x":0.014277458190917969,"y":0.039215996861457828,"z":0.0003819987177848816},"rotation":{"x":-0.09573724865913391,"y":-0.8775689601898193,"z":0.1969878226518631,"w":-0.42650824785232546},"size":1.0697894096374512,"orthographic":false}