{"cameraMode":{"drawMode":0,"name":"Shaded","section":"Shading Mode"},"sceneLighting":false,"audioPlay":false,"sceneViewState":{"showFog":true,"showMaterialUpdate":false,"showSkybox":false,"showFlares":true,"showImageEffects":true,"showParticleSystems":true,"showVisualEffectGraphs":true,"m_FxEnabled":true},"in2DMode":false,"pivot":{"x":-1.0120755434036255,"y":-0.39163485169410708,"z":2.1071221828460695},"rotation":{"x":0.13520437479019166,"y":-0.30919724702835085,"z":0.044455837458372119,"w":0.9403021931648254},"size":1.2298285961151124,"orthographic":false}